City_ID,City,Country,Lat,Lng,Max Temp,Humidity,Cloudiness,Wind Speed,Current Description
0,Hede,CN,33.7681,120.2517,38.08,50,100,16.8,overcast clouds
1,Punta Arenas,CL,-53.15,-70.9167,46.51,61,75,23.02,broken clouds
2,Cordoba,AR,-31.4135,-64.1811,75.18,65,20,11.5,few clouds
3,Jamestown,US,42.097,-79.2353,47.79,83,0,16.11,clear sky
4,Banff,CA,51.1762,-115.5698,-3.62,77,100,1.14,overcast clouds
5,Bengkulu,ID,-3.8004,102.2655,80.92,77,99,4.54,overcast clouds
6,Mehamn,NO,71.0357,27.8492,37.35,93,75,9.22,light intensity drizzle
7,Puerto Ayora,EC,-0.7393,-90.3518,70.56,89,45,8.99,scattered clouds
8,Nanortalik,GL,60.1432,-45.2371,31.59,83,100,10.92,overcast clouds
9,Hithadhoo,MV,-0.6,73.0833,81.32,74,100,5.7,overcast clouds
10,Clyde River,CA,70.4692,-68.5914,-21.77,69,0,6.91,clear sky
11,New Norfolk,AU,-42.7826,147.0587,65.7,52,100,5.01,overcast clouds
12,East London,ZA,-33.0153,27.9116,69.21,79,16,12.64,few clouds
13,Ushuaia,AR,-54.8,-68.3,46.06,66,75,2.3,broken clouds
14,Yellowknife,CA,62.456,-114.3525,-26.45,68,20,6.91,few clouds
15,Bubaque,GW,11.2833,-15.8333,80.31,63,81,7.96,broken clouds
16,Evensk,RU,61.95,159.2333,14.23,86,99,14.52,overcast clouds
17,Rikitea,PF,-23.1203,-134.9692,72.3,72,76,12.93,broken clouds
18,Cherskiy,RU,68.75,161.3,-14.78,97,99,5.12,overcast clouds
19,Lagoa,PT,39.05,-27.9833,61.9,70,100,9.08,overcast clouds
20,Bambous Virieux,MU,-20.3428,57.7575,76.21,88,40,0.0,scattered clouds
21,Pingliang,CN,35.5392,106.6861,18.12,24,100,3.51,overcast clouds
22,Sambava,MG,-14.2667,50.1667,72.14,83,1,4.25,clear sky
23,Komsomolskiy,UZ,40.4272,71.7189,41.72,93,95,4.61,mist
24,Hamilton,US,39.1834,-84.5333,60.44,65,40,13.8,scattered clouds
25,Port-Gentil,GA,-0.7193,8.7815,77.63,84,100,12.75,moderate rain
26,Busselton,AU,-33.65,115.3333,87.91,25,0,9.64,clear sky
27,Bredasdorp,ZA,-34.5322,20.0403,62.37,81,6,5.01,clear sky
28,Nambour,AU,-26.6333,152.95,69.82,97,100,5.99,moderate rain
29,Lebu,CL,-37.6167,-73.65,54.25,85,93,18.03,overcast clouds
30,Hermanus,ZA,-34.4187,19.2345,64.8,91,11,6.64,few clouds
31,Svetlogorsk,BY,52.6333,29.7333,26.71,95,100,6.64,light snow
32,Torbay,CA,47.6666,-52.7314,27.57,74,75,13.8,broken clouds
33,Nayoro,JP,44.3506,142.4578,28.89,73,100,15.84,overcast clouds
34,Kodiak,US,57.79,-152.4072,27.91,59,0,11.5,clear sky
35,Cape Town,ZA,-33.9258,18.4232,65.26,87,75,8.05,broken clouds
36,Saskylakh,RU,71.9167,114.0833,-24.16,98,100,6.42,overcast clouds
37,Kargat,RU,55.1956,80.2811,-8.03,90,100,1.88,overcast clouds
38,Am Timan,TD,11.0297,20.2827,71.49,25,32,7.87,scattered clouds
39,Henties Bay,NA,-22.116,14.2845,59.88,87,75,5.44,broken clouds
40,Hit,IQ,33.6416,42.8251,62.53,75,100,9.44,light rain
41,Coihaique,CL,-45.5752,-72.0662,48.15,57,75,5.75,broken clouds
42,Batagay-Alyta,RU,67.8006,130.4114,-17.99,98,100,2.06,overcast clouds
43,San Patricio,US,28.017,-97.5169,71.83,93,2,4.45,clear sky
44,Leninsk,RU,48.7119,45.1994,23.16,44,7,8.9,clear sky
45,Gijon,ES,43.5357,-5.6615,49.84,91,100,4.0,overcast clouds
46,Cairns,AU,-16.9167,145.7667,87.75,62,100,8.05,light rain
47,Codrington,AU,-38.2667,141.9667,61.18,67,94,12.26,overcast clouds
48,Yulara,AU,-25.2406,130.9889,83.77,16,0,9.15,clear sky
49,Faanui,PF,-16.4833,-151.75,79.61,76,24,12.1,few clouds
50,Bluff,NZ,-46.6,168.3333,59.81,76,53,19.42,broken clouds
51,Tuktoyaktuk,CA,69.4541,-133.0374,-0.4,85,100,12.66,light snow
52,Vaini,TO,-21.2,-175.2,79.02,68,31,13.0,scattered clouds
53,Acapulco,MX,16.8634,-99.8901,77.76,79,71,2.66,broken clouds
54,Kavieng,PG,-2.5744,150.7967,85.17,61,100,5.97,overcast clouds
55,Kirovsk,UA,48.6375,38.6428,25.47,46,98,16.78,overcast clouds
56,Imeni Babushkina,RU,59.7573,43.1285,9.0,97,87,2.01,overcast clouds
57,Vanimo,PG,-2.6741,141.3028,84.79,69,100,5.01,overcast clouds
58,Katsuura,JP,35.1333,140.3,68.92,77,87,4.94,overcast clouds
59,Makakilo City,US,21.3469,-158.0858,81.61,65,0,13.8,clear sky
60,Maumere,ID,-8.6199,122.2111,84.85,68,55,3.6,broken clouds
61,Katakwi,UG,1.8911,33.9661,65.98,83,85,4.07,overcast clouds
62,Marhaura,IN,25.9667,84.8667,64.33,43,29,3.87,scattered clouds
63,Deputatskiy,RU,69.3,139.9,-18.06,99,100,2.33,overcast clouds
64,Chokurdakh,RU,70.6333,147.9167,-9.51,99,100,6.96,light snow
65,Mataura,NZ,-46.1927,168.8643,59.49,62,95,9.28,overcast clouds
66,Ilam,NP,26.9167,87.9167,65.07,59,16,1.72,few clouds
67,Talara,PE,-4.5772,-81.2719,68.76,83,0,17.27,clear sky
68,Gamba,GA,-2.65,10.0,74.48,91,100,3.29,overcast clouds
69,Dikson,RU,73.5069,80.5464,3.79,98,97,3.91,overcast clouds
70,Hasaki,JP,35.7333,140.8333,68.29,76,100,12.66,overcast clouds
71,Vanavara,RU,60.34,102.2797,-11.74,96,98,7.52,overcast clouds
72,Castro,BR,-24.7911,-50.0119,59.58,96,99,5.91,overcast clouds
73,San Cristobal,VE,7.7669,-72.225,68.18,98,100,4.05,overcast clouds
74,Praia Da Vitoria,PT,38.7333,-27.0667,61.75,94,75,8.66,broken clouds
75,Turukhansk,RU,65.8167,87.9833,-8.63,100,100,4.09,overcast clouds
76,Flinders,AU,-34.5833,150.8552,72.18,62,15,7.0,few clouds
77,Ransang,PH,8.9603,117.5828,85.87,69,95,4.25,overcast clouds
78,Hilo,US,19.7297,-155.09,81.28,88,100,8.05,overcast clouds
79,Mahebourg,MU,-20.4081,57.7,76.24,88,40,0.0,scattered clouds
80,Victoria,HK,22.2855,114.1577,77.97,89,35,18.01,scattered clouds
81,Plonsk,PL,52.6235,20.3755,35.76,84,79,9.44,broken clouds
82,Haimen,CN,23.1935,116.6142,71.49,78,100,28.79,overcast clouds
83,Katete,UG,-0.7818,29.7544,59.68,96,100,2.59,overcast clouds
84,Kiunga,PG,-6.1219,141.2906,93.25,47,97,3.04,overcast clouds
85,Juneau,US,58.3019,-134.4197,20.21,74,40,16.11,scattered clouds
86,Atuona,PF,-9.8,-139.0333,77.83,72,12,14.18,few clouds
87,Saldanha,ZA,-33.0117,17.9442,64.45,96,41,3.71,scattered clouds
88,Fukue,JP,32.6881,128.8419,48.56,71,75,21.85,broken clouds
89,Ribeira Grande,PT,38.5167,-28.7,60.78,91,60,3.0,broken clouds
90,Mar Del Plata,AR,-38.0023,-57.5575,67.08,97,75,11.99,thunderstorm with rain
91,Kapaa,US,22.0752,-159.319,80.92,75,0,4.61,clear sky
92,Butaritari,KI,3.0707,172.7902,81.03,75,16,10.09,few clouds
93,Mudgee,AU,-32.5943,149.5871,72.79,39,40,5.61,scattered clouds
94,Laguna,US,38.421,-121.4238,50.31,56,0,0.0,clear sky
95,Faya,SA,18.3851,42.4509,51.91,68,0,0.63,clear sky
96,Chapais,CA,49.7834,-74.8492,13.78,90,100,10.51,overcast clouds
97,Roros,NO,62.5747,11.3842,26.44,80,100,2.3,overcast clouds
98,Albany,US,42.6001,-73.9662,32.65,78,100,1.99,overcast clouds
99,Teluk Nibung,ID,3.001,99.8164,84.7,65,58,3.51,broken clouds
100,Manono,CD,-7.3,27.4167,66.4,98,99,1.59,overcast clouds
101,Arraial Do Cabo,BR,-22.9661,-42.0278,73.24,91,97,21.72,overcast clouds
102,Hualmay,PE,-11.0964,-77.6139,67.73,81,100,6.4,overcast clouds
103,Severo-Kurilsk,RU,50.6789,156.125,39.36,99,100,8.55,light rain
104,Korla,CN,41.7597,86.1469,15.51,25,52,2.21,broken clouds
105,Biak,ID,-0.9131,122.8766,84.4,65,100,1.19,overcast clouds
106,Zeya,RU,53.75,127.2667,-6.48,69,65,5.26,broken clouds
107,Port Hardy,CA,50.6996,-127.4199,33.98,93,100,34.52,light snow
108,Saint-Pierre,RE,-21.3393,55.4781,75.9,60,0,5.75,clear sky
109,Salalah,OM,17.0151,54.0924,73.49,73,20,4.61,few clouds
110,Egvekinot,RU,66.3167,-179.1667,24.91,99,100,6.42,overcast clouds
111,Nouadhibou,MR,20.931,-17.0347,64.38,63,0,12.66,clear sky
112,Port Lincoln,AU,-34.7333,135.8667,63.68,59,31,9.98,scattered clouds
113,Machado,BR,-21.6747,-45.9197,61.66,95,100,2.91,overcast clouds
114,Smalininkai,LT,55.0735,22.5793,32.02,97,100,4.85,overcast clouds
115,Pevek,RU,69.7008,170.3133,7.81,95,100,8.63,light snow
116,Antofagasta,CL,-23.65,-70.4,63.68,80,39,2.44,scattered clouds
117,Xining,CN,36.6167,101.7667,14.2,38,100,3.29,overcast clouds
118,Mitsamiouli,KM,-11.3847,43.2844,77.49,78,42,7.27,scattered clouds
119,Kingisepp,RU,59.3733,28.6134,26.08,94,100,5.99,overcast clouds
120,Stende,LV,57.15,22.5333,29.19,91,100,4.38,overcast clouds
121,Tezu,IN,27.9167,96.1667,76.3,32,1,1.16,clear sky
122,Ponta Do Sol,PT,32.6667,-17.1,63.23,72,13,4.68,few clouds
123,Gizeh,EG,30.0081,31.2109,61.54,70,0,4.56,clear sky
124,Tara,RU,56.8944,74.371,-12.75,95,16,3.85,few clouds
125,Trinidad,BO,-14.8333,-64.9,81.79,45,69,3.22,broken clouds
126,Tura,IN,25.5198,90.2201,72.82,62,0,1.32,clear sky
127,Saint-Philippe,RE,-21.3585,55.7679,74.79,78,41,5.21,scattered clouds
128,Vao,NC,-22.6667,167.4833,79.32,81,88,4.0,overcast clouds
129,Mporokoso,ZM,-9.3727,30.125,60.57,95,100,4.09,overcast clouds
130,Pakdasht,IR,35.4752,51.6807,51.8,44,99,1.25,overcast clouds
131,Da Nang,VN,16.0678,108.2208,84.18,70,20,3.44,few clouds
132,Ilembo,TZ,-9.25,33.3833,55.76,85,100,2.68,overcast clouds
133,Praia,CV,14.9215,-23.5087,73.94,73,20,13.8,few clouds
134,Port Alfred,ZA,-33.5906,26.891,68.88,84,2,2.44,clear sky
135,Mayumba,GA,-3.432,10.6554,75.97,86,100,3.85,overcast clouds
136,Mogadishu,SO,2.0371,45.3438,79.59,76,70,14.47,broken clouds
137,Digha,IN,21.6833,87.55,75.07,49,3,9.64,clear sky
138,Binabalian,PH,16.4202,119.9279,82.99,73,53,6.67,broken clouds
139,Tigil,RU,57.8,158.6667,23.54,71,100,22.79,overcast clouds
140,Luderitz,NA,-26.6481,15.1594,59.85,91,0,7.54,clear sky
141,Tabas,IR,33.5959,56.9244,50.22,40,97,2.3,overcast clouds
142,Channel-Port Aux Basques,CA,47.5702,-59.1367,29.59,66,78,20.22,broken clouds
143,Saint-Augustin,CA,51.226,-58.6502,9.45,80,8,12.82,clear sky
144,Road Town,VG,18.4167,-64.6167,78.89,71,7,17.31,clear sky
145,Along,IN,28.1667,94.7667,68.41,44,6,0.56,clear sky
146,Abha,SA,18.2164,42.5053,51.62,81,0,0.0,clear sky
147,Norman Wells,CA,65.282,-126.8329,-30.96,68,75,2.3,broken clouds
148,Nikolskoye,RU,59.7035,30.7861,26.49,90,100,4.72,overcast clouds
149,Lazaro Cardenas,MX,17.9583,-102.2,76.55,78,13,3.09,few clouds
150,Lavrentiya,RU,65.5833,-171.0,30.78,98,100,11.63,light snow
151,Bacolod,PH,10.6667,122.95,85.96,69,89,15.03,overcast clouds
152,Namatanai,PG,-3.6667,152.4333,85.26,66,100,5.35,overcast clouds
153,Barrow,US,71.2906,-156.7887,6.82,72,100,14.97,overcast clouds
154,Kaitangata,NZ,-46.2817,169.8464,59.9,62,100,12.93,overcast clouds
155,Shar,KZ,49.5886,81.0453,-8.95,81,100,4.14,overcast clouds
156,Raudeberg,NO,61.9875,5.1352,43.86,67,100,10.2,overcast clouds
157,Tuatapere,NZ,-46.1333,167.6833,49.75,90,93,15.73,overcast clouds
158,Worcester,US,42.3334,-71.8328,33.85,90,100,1.01,overcast clouds
159,Zhigansk,RU,66.7697,123.3711,-41.03,100,97,5.12,overcast clouds
160,Diamantino,BR,-14.4086,-56.4461,76.14,56,20,5.1,few clouds
161,Garowe,SO,8.4054,48.4845,67.55,76,1,9.89,clear sky
162,Bukachacha,RU,52.9833,116.9167,-12.3,67,100,5.53,overcast clouds
163,Tahe,CN,52.3333,124.7333,-8.16,74,100,11.99,overcast clouds
164,Thompson,CA,55.7435,-97.8558,-0.24,78,100,19.57,light snow
165,Cayenne,GF,4.9333,-52.3333,73.44,94,100,1.14,overcast clouds
166,Bilma,NE,18.6853,12.9164,60.46,43,1,7.92,clear sky
167,Arbazh,RU,57.6804,48.3065,0.46,98,45,3.6,scattered clouds
168,Esperance,AU,-33.8667,121.9,76.6,40,100,13.89,light rain
169,Cidreira,BR,-30.1811,-50.2056,70.54,90,41,15.39,scattered clouds
170,Upernavik,GL,72.7868,-56.1549,5.38,95,100,14.97,light snow
171,Mwanza,TZ,-2.5167,32.9,68.05,88,40,0.0,thunderstorm
172,Ginda,IN,30.6945,78.4932,55.18,23,0,3.15,clear sky
173,Shelburne,CA,44.0787,-80.2041,38.59,91,100,17.65,overcast clouds
174,Namibe,AO,-15.1961,12.1522,68.77,84,100,6.44,overcast clouds
175,Avarua,CK,-21.2078,-159.775,78.85,78,75,14.97,light rain
176,Dalvik,IS,65.9702,-18.5286,26.53,74,91,15.46,overcast clouds
177,Khatanga,RU,71.9667,102.5,-24.27,94,5,4.5,clear sky
178,Georgetown,MY,5.4112,100.3354,85.93,79,20,2.3,few clouds
179,Fortuna,US,40.5982,-124.1573,43.14,88,0,0.0,clear sky
180,Labuhan,ID,-6.8844,112.2051,84.97,67,100,11.54,overcast clouds
181,Boca Do Acre,BR,-8.7522,-67.3978,75.79,82,79,3.44,broken clouds
182,Chimbote,PE,-9.0853,-78.5783,67.37,81,68,6.76,broken clouds
183,Dunhua,CN,43.3725,128.2425,0.18,73,94,19.62,overcast clouds
184,Derzhavinsk,KZ,51.1,66.3167,8.17,81,100,11.05,overcast clouds
185,Rio Grande,BR,-32.035,-52.0986,69.58,91,5,15.43,clear sky
186,Bedele,ET,8.456,36.353,52.39,84,78,1.68,broken clouds
187,Longyearbyen,SJ,78.2186,15.6401,33.64,75,100,19.57,light snow
188,Ancud,CL,-41.8697,-73.8203,46.58,74,4,6.31,clear sky
189,Nome,US,64.5011,-165.4064,19.47,74,100,13.8,overcast clouds
190,Vila Franca Do Campo,PT,37.7167,-25.4333,64.2,84,95,3.62,overcast clouds
191,Fairbanks,US,64.8378,-147.7164,-9.4,78,20,0.0,few clouds
192,Mount Gambier,AU,-37.8333,140.7667,61.21,61,96,7.65,overcast clouds
193,Sayyan,YE,15.1718,44.3244,45.54,46,0,3.83,clear sky
194,Ballina,AU,-28.8667,153.5667,70.79,68,100,14.12,light rain
195,Shubarshi,KZ,48.5872,57.1869,14.97,41,3,13.42,clear sky
196,Cefalu,IT,38.0386,14.0229,55.54,74,70,5.01,broken clouds
197,Port Macquarie,AU,-31.4333,152.9167,70.9,51,99,9.55,overcast clouds
198,Peniche,PT,39.3558,-9.3811,52.45,92,46,5.7,scattered clouds
199,Souillac,MU,-20.5167,57.5167,71.98,88,40,0.0,scattered clouds
200,Kruisfontein,ZA,-34.0033,24.7314,63.72,81,1,6.96,clear sky
201,Xuddur,SO,4.1213,43.8894,68.07,89,9,13.22,clear sky
202,Santa Catarina De Tepehuanes,MX,25.35,-105.7333,49.32,38,91,4.61,overcast clouds
203,Bathsheba,BB,13.2167,-59.5167,75.81,83,40,10.36,scattered clouds
204,Berbera,SO,10.4396,45.0143,75.69,72,9,5.26,clear sky
205,Merrill,US,45.1805,-89.6835,30.61,93,100,13.8,overcast clouds
206,Grande Prairie,CA,55.1667,-118.8027,-5.62,77,100,11.5,light snow
207,Tavda,RU,58.0425,65.2726,6.22,90,100,4.32,overcast clouds
208,Cuamba,MZ,-14.8031,36.5372,69.04,85,100,1.68,overcast clouds
209,Tautira,PF,-17.7333,-149.15,78.17,81,22,10.16,light rain
210,Qui Nhon,VN,13.7667,109.2333,80.64,80,19,6.46,few clouds
211,Usinsk,RU,65.9939,57.5281,11.39,96,100,5.97,light snow
212,Provideniya,RU,64.3833,-173.3,32.36,100,100,11.18,rain and snow
213,Sur,OM,22.5667,59.5289,75.87,56,3,6.33,clear sky
214,Airai,TL,-8.9266,125.4092,75.09,50,83,3.38,broken clouds
215,Rocha,UY,-34.4833,-54.3333,62.2,95,0,8.03,clear sky
216,Valentin Gomez Farias,MX,28.2167,-106.5833,52.52,32,2,6.2,clear sky
217,Isetskoye,RU,56.4858,65.3226,4.51,85,100,4.41,overcast clouds
218,Talnakh,RU,69.4865,88.3972,-10.52,99,100,3.65,light snow
219,Yar-Sale,RU,66.8333,70.8333,-4.49,100,85,1.52,overcast clouds
220,Hobart,AU,-42.8794,147.3294,66.06,45,75,16.11,broken clouds
221,Buala,SB,-8.145,159.5921,82.96,77,93,3.29,light rain
222,Aviles,ES,43.5547,-5.9248,50.38,88,0,6.91,clear sky
223,Tucurui,BR,-3.7661,-49.6725,74.46,90,100,0.94,light rain
224,Bandarbeyla,SO,9.4942,50.8122,75.87,74,3,13.29,clear sky
225,Safaga,EG,26.7292,33.9365,68.95,47,6,4.27,clear sky
226,Port Elizabeth,ZA,-33.918,25.5701,70.09,88,0,4.61,clear sky
227,Benghazi,LY,32.1167,20.0667,65.08,64,70,9.89,light rain
228,Mayo,US,38.8876,-76.5119,47.1,82,0,10.0,clear sky
229,Champerico,GT,14.3,-91.9167,75.54,84,63,7.0,broken clouds
230,Lanark,GB,55.6737,-3.7817,41.94,95,100,4.5,overcast clouds
231,Tasiilaq,GL,65.6145,-37.6368,39.36,92,100,38.83,light rain
232,Greenfield,US,42.9614,-88.0126,56.7,77,75,16.11,broken clouds
233,Sobolevo,RU,54.4299,31.8996,19.96,90,100,8.41,overcast clouds
234,Baruun-Urt,MN,46.6806,113.2792,-1.5,67,40,17.4,scattered clouds
235,Kormilovka,RU,55.0026,74.1028,-5.15,86,13,7.0,few clouds
236,Oussouye,SN,12.485,-16.5469,69.98,72,49,6.15,scattered clouds
237,Klaksvik,FO,62.2266,-6.589,45.52,85,100,16.26,overcast clouds
238,Banda Aceh,ID,5.5577,95.3222,83.7,64,100,2.21,overcast clouds
239,Ust-Tsilma,RU,65.441,52.1498,18.64,97,95,0.85,overcast clouds
240,Puerto Narino,CO,-3.7703,-70.3831,71.94,97,95,2.1,overcast clouds
241,Kirakira,SB,-10.4544,161.9205,83.12,78,86,4.99,overcast clouds
242,Lompoc,US,34.6391,-120.4579,51.01,83,0,0.0,clear sky
243,Kaa-Khem,RU,51.6833,94.7333,-16.33,88,44,0.56,scattered clouds
244,Srandakan,ID,-7.9386,110.2506,79.63,77,100,4.45,overcast clouds
245,Hobyo,SO,5.3505,48.5268,79.25,71,91,16.06,overcast clouds
246,Ilulissat,GL,69.2167,-51.1,23.02,80,75,0.0,broken clouds
247,Dayong,CN,25.0209,118.2898,61.95,75,100,8.7,overcast clouds
248,Sisimiut,GL,66.9395,-53.6735,16.84,88,89,13.8,overcast clouds
249,Kyra,RU,49.5776,111.9753,-2.72,64,100,18.34,overcast clouds
250,Olafsvik,IS,64.8945,-23.7142,43.75,88,100,19.26,overcast clouds
251,Iqaluit,CA,63.7506,-68.5145,-16.87,76,20,13.8,few clouds
252,Sijunjung,ID,-0.6876,100.9537,80.92,73,100,2.01,overcast clouds
253,Nhulunbuy,AU,-12.2333,136.7667,88.41,66,75,6.91,broken clouds
254,Moussoro,TD,13.6408,16.4901,67.17,22,90,8.48,overcast clouds
255,Kununurra,AU,-15.7667,128.7333,96.78,26,68,13.8,broken clouds
256,Grand-Santi,GF,4.25,-54.3833,71.19,99,100,1.86,overcast clouds
257,Arlit,NE,18.7369,7.3853,66.9,25,34,7.81,scattered clouds
258,Mkushi,ZM,-13.6202,29.3939,62.49,93,99,6.8,overcast clouds
259,Imeni Zhelyabova,RU,58.9544,36.5956,11.3,96,72,3.31,broken clouds
260,El Guapinol,HN,13.7667,-87.4667,71.6,73,19,4.94,few clouds
261,Khor,RU,47.8861,134.9464,2.32,82,100,19.26,overcast clouds
262,Andenes,NO,69.3143,16.1194,38.93,75,100,9.22,overcast clouds
263,Barabai,ID,-2.5833,115.3833,90.21,58,33,2.55,scattered clouds
264,Neder Vindinge,DK,55.0321,11.8836,40.03,72,100,11.7,overcast clouds
265,Ouidah,BJ,6.3631,2.0851,80.46,81,62,4.72,broken clouds
266,Daru,PG,-9.0763,143.2092,85.21,66,100,5.61,overcast clouds
267,High Level,CA,58.5169,-117.136,-7.49,77,100,11.5,light snow
268,Abbeville,FR,50.1,1.8333,39.49,92,0,3.44,clear sky
269,Kavali,IN,14.9167,79.9833,74.95,73,47,5.32,scattered clouds
270,Cabo San Lucas,MX,22.8909,-109.9124,69.19,74,23,5.35,few clouds
271,Burgeo,CA,47.6167,-57.6152,26.85,72,28,17.05,scattered clouds
272,Yerbogachen,RU,61.2767,108.0108,-1.71,96,100,10.65,light snow
273,Hervey Bay,AU,-25.2986,152.8535,69.46,88,100,26.8,moderate rain
274,Los Llanos De Aridane,ES,28.6585,-17.9182,64.15,78,100,11.5,overcast clouds
275,Galesong,ID,-5.3166,119.3661,84.22,70,100,5.44,overcast clouds
276,Naica,MX,27.85,-105.4833,60.03,24,1,7.23,clear sky
277,Saint George,US,37.1041,-113.5841,43.39,33,0,3.0,clear sky
278,Sola,VU,-13.8833,167.55,82.98,72,66,9.37,broken clouds
279,Aberystwyth,GB,52.4155,-4.0829,38.71,86,100,6.87,overcast clouds
280,Carnarvon,AU,-24.8667,113.6333,77.07,64,0,12.97,clear sky
281,Caravelas,BR,-17.7125,-39.2481,75.22,81,100,10.22,light rain
282,Mulchen,CL,-37.7167,-72.2333,57.13,74,100,7.52,overcast clouds
283,Leningradskiy,RU,69.3833,178.4167,23.47,81,100,6.8,overcast clouds
284,Changji,CN,44.0167,87.3167,-3.21,71,0,0.0,clear sky
285,Rauma,FI,61.1272,21.5113,32.04,95,99,7.38,overcast clouds
286,Mokokchung,IN,26.3333,94.5333,65.05,59,72,2.13,broken clouds
287,Ixtapa,MX,20.7,-105.2,73.22,77,16,2.51,few clouds
288,Kangaatsiaq,GL,68.3065,-53.4641,22.68,89,100,27.0,light snow
289,Qaanaaq,GL,77.484,-69.3632,-18.09,81,19,6.31,few clouds
290,Banyumas,ID,-7.5142,109.2942,77.43,86,100,1.25,overcast clouds
291,Zehdenick,DE,52.9785,13.3317,39.29,84,100,6.89,overcast clouds
292,Gladstone,AU,-23.85,151.25,71.53,88,100,13.8,light rain
293,Dandong,CN,40.1292,124.3947,15.22,21,0,13.76,clear sky
294,Half Moon Bay,US,37.4636,-122.4286,51.91,70,20,12.66,few clouds
295,Portland,US,45.5234,-122.6762,43.61,92,100,14.0,light rain
296,Kikwit,CD,-5.041,18.8162,67.26,98,100,2.21,overcast clouds
297,Puerto Colombia,CO,10.9878,-74.9547,80.69,83,98,12.41,overcast clouds
298,Avera,US,33.194,-82.5271,63.37,67,51,10.4,broken clouds
299,Gornopravdinsk,RU,60.05,69.9,-4.29,94,94,4.25,overcast clouds
300,Chuy,UY,-33.6971,-53.4616,65.95,93,0,9.78,clear sky
301,Mitu,CO,1.1983,-70.1733,72.18,99,100,3.31,overcast clouds
302,Karabulak,RU,43.3036,44.8964,32.27,87,100,7.29,overcast clouds
303,Wasilla,US,61.5814,-149.4394,9.73,82,0,3.44,clear sky
304,Siguiri,GN,11.6667,-9.5,72.41,32,23,0.16,few clouds
305,Yenagoa,NG,4.9247,6.2642,75.81,89,91,3.22,overcast clouds
306,Husavik,IS,66.0449,-17.3389,35.58,84,68,14.76,broken clouds
307,Pacific Grove,US,36.6177,-121.9166,51.48,77,0,3.44,clear sky
308,Taoudenni,ML,22.6783,-3.9836,61.38,19,0,10.16,clear sky
309,Hansi,IN,29.1,75.9667,63.64,32,0,2.3,clear sky
310,San Francisco,US,37.7749,-122.4194,52.25,66,20,12.66,few clouds
311,San Policarpo,PH,12.1791,125.5072,83.75,77,93,13.27,overcast clouds
312,Shiraz,IR,29.6036,52.5388,40.44,65,0,0.0,clear sky
313,Hofn,IS,64.2539,-15.2082,45.21,95,100,14.14,light rain
314,Moroni,KM,-11.7022,43.2551,75.92,77,32,4.09,scattered clouds
315,Marienburg,PL,54.0359,19.0266,33.89,96,18,6.98,few clouds
316,Tibiri,NE,13.5627,7.0485,63.09,27,0,10.2,clear sky
317,Pedernales,DO,18.0384,-71.744,78.66,66,79,3.78,broken clouds
318,Aldan,RU,58.6031,125.3894,-20.92,93,100,6.02,overcast clouds
319,Newport,GB,51.5877,-2.9984,42.64,83,100,4.74,overcast clouds
320,Imbituba,BR,-28.24,-48.6703,72.86,94,95,10.4,overcast clouds
321,Oranjemund,NA,-28.55,16.4333,59.81,88,64,3.58,broken clouds
322,Cascais,PT,38.6979,-9.4215,54.97,74,13,7.0,few clouds
323,Dire Dawa,ET,9.5931,41.8661,61.59,38,0,4.25,clear sky
324,Bela,IN,25.9333,81.9833,67.64,49,100,0.49,overcast clouds
325,Moengo,SR,5.6167,-54.4,72.25,99,66,1.66,broken clouds
326,Anadyr,RU,64.75,177.4833,34.3,86,75,8.95,broken clouds
327,Lorengau,PG,-2.0226,147.2712,86.43,64,83,10.29,broken clouds
328,Noshiro,JP,40.2039,140.0242,47.23,92,100,21.77,light rain
329,Shenjiamen,CN,29.9576,122.298,50.02,79,100,26.19,overcast clouds
330,Turbat,PK,26.0023,63.044,68.95,27,0,6.46,clear sky
331,Vardo,NO,70.3705,31.1107,33.78,80,76,24.16,broken clouds
332,Moron,AR,-34.6534,-58.6198,80.49,65,20,7.92,few clouds
333,Namwala,ZM,-15.7504,26.4384,64.26,91,69,4.14,broken clouds
334,Ndele,CF,8.4109,20.6473,74.48,31,99,3.44,overcast clouds
335,Berlevag,NO,70.8578,29.0864,37.4,87,100,18.41,overcast clouds
336,Richards Bay,ZA,-28.783,32.0377,63.3,80,0,6.49,clear sky
337,Damghan,IR,36.1683,54.348,45.07,57,100,0.54,overcast clouds
338,Mmabatho,ZA,-25.85,25.6333,60.76,82,66,2.3,broken clouds
339,Verkhoyansk,RU,67.5447,133.385,-24.61,97,100,1.72,overcast clouds
340,Marawi,PH,7.9986,124.2928,80.22,65,94,6.29,light rain
341,Muriwai Beach,NZ,-36.8167,174.45,65.95,82,89,14.97,overcast clouds
342,Erenhot,CN,43.6475,111.9767,5.05,49,0,21.07,clear sky
343,Livingston,GB,55.9029,-3.5226,42.48,96,75,1.14,fog
344,Smirnykh,RU,49.75,142.8333,15.15,76,29,12.21,scattered clouds
345,Mormugao,IN,15.4,73.8,76.26,94,76,4.61,mist
346,Belmonte,BR,-15.8631,-38.8828,74.16,94,100,3.83,overcast clouds
347,Dromolaxia,CY,34.8761,33.586,60.46,94,20,5.75,few clouds
348,Kemijarvi,FI,66.7131,27.4306,27.79,95,100,6.08,overcast clouds
349,Goderich,CA,43.7501,-81.7165,46.72,76,100,18.41,overcast clouds
350,Les Cayes,HT,18.2,-73.75,74.34,82,8,3.65,clear sky
351,Akyab,MM,20.15,92.9,81.97,71,7,4.76,clear sky
352,Talca,CL,-35.4333,-71.6667,57.72,60,26,3.42,scattered clouds
353,Qeshm,IR,26.9581,56.2719,73.29,63,99,7.87,overcast clouds
354,Sandpoint,US,48.2766,-116.5533,19.69,86,100,10.36,overcast clouds
355,Khorixas,NA,-20.3667,14.9667,71.89,38,93,3.51,overcast clouds
356,Pangnirtung,CA,66.1451,-65.7125,-17.03,98,99,2.95,overcast clouds
357,Hanzhong,CN,33.0728,107.0303,30.33,92,100,4.36,snow
358,Mount Isa,AU,-20.7333,139.5,92.97,15,0,18.41,clear sky
359,San Quintin,MX,30.4833,-115.95,57.96,73,0,7.47,clear sky
360,Cockburn Town,TC,21.4612,-71.1419,80.71,75,8,20.45,light rain
361,Karang Tengah,ID,-7.5787,111.8642,85.44,69,100,5.5,overcast clouds
362,Walvis Bay,NA,-22.9575,14.5053,58.15,82,17,0.0,few clouds
363,Surt,LY,31.2089,16.5887,60.35,62,2,16.42,clear sky
364,Denpasar,ID,-8.65,115.2167,83.86,79,40,9.22,scattered clouds
365,Ostrovnoy,RU,68.0531,39.5131,28.63,92,88,15.37,overcast clouds
366,Constitucion,CL,-35.3333,-72.4167,54.55,95,29,10.67,scattered clouds
367,Landau,DE,49.2075,8.1133,45.64,91,100,4.5,light rain
368,Linjiang,CN,41.8069,126.9078,6.55,54,54,10.85,broken clouds
369,Kahului,US,20.8947,-156.47,80.62,83,40,5.99,scattered clouds
370,Bagotville,AU,-28.9833,153.4167,70.65,68,100,13.69,light rain
371,Mangrol,IN,21.1167,70.1167,72.79,43,4,9.6,clear sky
372,Kumasi,GH,6.6885,-1.6244,71.35,95,21,3.2,few clouds
373,Djambala,CG,-2.5447,14.7533,63.48,96,100,1.7,overcast clouds
374,Beringovskiy,RU,63.05,179.3167,30.47,99,100,3.11,light snow
375,Fakel,RU,57.6325,53.0252,4.12,98,76,3.27,broken clouds
376,Dunedin,NZ,-45.8742,170.5036,56.8,74,100,17.0,moderate rain
377,Umm Lajj,SA,25.0213,37.2685,74.43,54,5,7.78,clear sky
378,Sao Raimundo Nonato,BR,-9.0153,-42.6994,69.15,96,100,4.43,overcast clouds
379,Arti,RU,56.4234,58.5328,7.39,96,96,1.41,overcast clouds
380,Misratah,LY,32.3754,15.0925,61.21,67,73,20.24,light rain
381,Krasnoselkup,RU,65.7,82.4667,-12.32,98,19,6.02,few clouds
382,Abeche,TD,13.8292,20.8324,67.98,25,7,4.63,clear sky
383,Sao Filipe,CV,14.8961,-24.4956,74.16,66,7,8.43,clear sky
384,Tiksi,RU,71.6872,128.8694,-27.94,100,92,2.64,overcast clouds
385,Pokhara,NP,28.2333,83.9833,64.98,36,100,2.3,overcast clouds
386,Kavaratti,IN,10.5669,72.642,81.57,70,0,0.45,clear sky
387,Camacha,PT,33.0833,-16.3333,60.22,63,75,2.3,broken clouds
388,Hare Bay,CA,48.8499,-54.0148,22.6,83,15,13.02,few clouds
389,Sault Sainte Marie,CA,46.5168,-84.3333,44.89,96,100,23.02,mist
390,Santa Rosa,PH,14.3122,121.1114,91.11,73,63,13.91,broken clouds
391,Ous,RU,60.9058,61.5186,6.4,98,93,2.57,overcast clouds
392,Kaeo,NZ,-35.1,173.7833,70.36,68,13,13.02,few clouds
393,Nanakuli,US,21.3906,-158.1547,83.03,57,0,9.22,clear sky
394,Fort Frances,CA,48.5999,-93.4003,18.16,77,100,5.75,overcast clouds
395,Bokajan,IN,26.0167,93.7833,66.36,82,75,0.0,mist
396,Sofiyivka,UA,48.0493,33.8746,31.48,45,100,13.18,overcast clouds
397,Anchorage,US,61.2181,-149.9003,12.65,77,40,4.0,scattered clouds
398,Aykhal,RU,66.0,111.5,-0.94,97,100,16.06,light snow
399,Mackenzie,CA,55.2999,-123.1698,-1.98,50,100,18.41,overcast clouds
400,Bonavista,CA,48.6499,-53.1147,25.29,75,98,23.58,overcast clouds
401,Isangel,VU,-19.55,169.2667,85.75,66,52,6.67,light rain
402,Bambanglipuro,ID,-7.95,110.2833,79.72,76,100,4.85,overcast clouds
403,Lokosovo,RU,61.1333,74.8167,-17.7,100,80,3.62,broken clouds
404,Baykit,RU,61.67,96.37,-18.74,100,85,3.67,overcast clouds
405,Karpathos,GR,35.507,27.2132,60.76,82,100,5.75,overcast clouds
406,Sembe,CG,1.6481,14.5806,69.31,98,99,1.61,light rain
407,Santa Maria,BR,-29.6842,-53.8069,72.7,78,0,11.5,clear sky
408,Vestmannaeyjar,IS,63.4427,-20.2734,47.59,90,100,34.85,overcast clouds
409,Mafinga,TZ,-7.25,35.0667,68.29,78,35,2.51,light rain
410,Atasu,KZ,48.6814,71.6433,10.6,71,100,12.01,overcast clouds
411,Sabha,LY,27.0377,14.4283,52.21,48,0,8.41,clear sky
412,Dalbandin,PK,28.8947,64.4101,54.32,39,2,5.68,clear sky
413,Tiarei,PF,-17.5333,-149.3333,84.22,78,15,10.18,light rain
414,Ipubi,BR,-7.6519,-40.1489,70.56,89,100,5.73,overcast clouds
415,Parczew,PL,51.6402,22.9006,33.26,91,100,6.64,overcast clouds
416,Gondar,ET,12.6,37.4667,55.67,48,8,7.02,clear sky
417,Zhanakorgan,KZ,43.9098,67.2495,34.95,47,97,6.58,overcast clouds
418,Ketchikan,US,55.3422,-131.6461,23.47,36,75,3.44,broken clouds
419,Baiao,BR,-2.7906,-49.6717,72.3,97,100,1.52,overcast clouds
420,Arauco,CL,-37.2463,-73.3175,54.77,88,99,9.62,overcast clouds
421,Ouesso,CG,1.6136,16.0517,69.73,99,100,2.37,light rain
422,Santiago Del Estero,AR,-27.7951,-64.2615,79.0,52,82,5.7,broken clouds
423,Vyartsilya,RU,62.1764,30.693,24.62,100,100,5.08,overcast clouds
424,Juegang,CN,32.3174,121.1855,38.98,57,100,20.15,overcast clouds
425,Rudnogorsk,RU,57.2639,103.7519,-5.3,90,100,8.12,overcast clouds
426,Quelimane,MZ,-17.8786,36.8883,71.55,94,75,9.22,light intensity drizzle
427,Lokoja,NG,7.8024,6.743,75.27,44,28,1.63,scattered clouds
428,Buin,CL,-33.7333,-70.75,67.42,86,1,1.72,clear sky
429,Port Blair,IN,11.6667,92.75,84.24,79,40,6.91,scattered clouds
430,Kirovskiy,RU,45.0917,133.5136,5.38,72,80,15.9,broken clouds
431,Pisco,PE,-13.7,-76.2167,66.25,88,0,8.05,clear sky
432,Watsa,CD,3.0372,29.5355,62.73,97,100,2.39,overcast clouds
433,Naze,JP,28.3667,129.4833,65.32,84,97,21.79,overcast clouds
434,Bryan,US,30.6744,-96.37,70.88,92,0,4.61,clear sky
435,Kota Tinggi,MY,1.7381,103.8999,91.33,69,66,4.83,broken clouds
436,Narsaq,GL,60.9167,-46.05,25.75,86,100,5.06,overcast clouds
437,Te Anau,NZ,-45.4167,167.7167,57.36,79,63,6.87,broken clouds
438,Karratha,AU,-20.7377,116.8463,92.61,31,19,8.7,few clouds
439,Hami,CN,42.8,93.45,10.85,22,0,2.26,clear sky
440,Bonthe,SL,7.5264,-12.505,77.41,82,42,3.0,scattered clouds
441,Craig,US,40.5153,-107.5464,11.82,90,27,2.84,scattered clouds
442,Russkaya Polyana,UA,49.417,31.9201,32.41,61,100,12.53,overcast clouds
443,La Peca,PE,-5.6111,-78.435,70.0,84,97,3.47,moderate rain
444,Cheremkhovo,RU,53.1561,103.0675,1.85,89,100,14.97,overcast clouds
445,Sirjan,IR,29.452,55.6814,51.75,31,100,6.4,overcast clouds
446,Ovalle,CL,-30.5983,-71.2003,62.19,76,2,3.02,clear sky
447,Grindavik,IS,63.8424,-22.4338,48.67,93,100,29.93,overcast clouds
448,Yekaterinovka,RU,52.0508,44.3451,18.84,65,0,5.61,clear sky
449,Cayhagan,PH,9.6697,122.4256,85.41,68,89,13.02,overcast clouds
450,Sri Aman,MY,1.2376,111.4621,82.45,83,20,3.44,few clouds
451,Bethel,US,41.3712,-73.414,33.15,84,100,3.09,overcast clouds
452,Lasa,IT,46.6166,10.7002,30.02,94,60,4.61,broken clouds
453,Languyan,PH,5.2618,120.0807,86.23,66,56,2.55,broken clouds
454,Tessalit,ML,20.1986,1.0114,66.72,19,99,5.79,overcast clouds
455,Luganville,VU,-15.5333,167.1667,86.56,65,73,8.93,broken clouds
456,Istra,RU,55.9178,36.8642,10.63,94,37,4.9,scattered clouds
457,Goias,BR,-15.5807,-49.6362,65.26,81,59,2.46,broken clouds
458,Najran,SA,17.4924,44.1277,57.85,46,4,0.63,clear sky
459,Shingu,JP,33.7333,135.9833,67.57,63,100,7.4,overcast clouds
460,Kattivakkam,IN,13.2167,80.3167,77.09,74,26,10.31,scattered clouds
461,Avanigadda,IN,16.0215,80.9181,74.73,67,11,5.06,few clouds
462,Havre-Saint-Pierre,CA,50.2334,-63.5986,14.0,84,0,6.91,clear sky
463,Nakamura,JP,32.9833,132.9333,57.76,74,100,11.86,overcast clouds
464,Visnes,NO,59.3556,5.2242,45.21,65,100,8.05,overcast clouds
465,Marsh Harbour,BS,26.5412,-77.0636,77.18,70,44,17.65,scattered clouds
466,Svobodnyy,RU,51.4,128.1333,-4.99,78,100,13.49,overcast clouds
467,Susanville,US,40.4163,-120.653,33.12,68,0,4.61,clear sky
468,Isla Mujeres,MX,21.2311,-86.731,80.17,79,8,14.14,light rain
469,Westport,US,41.1415,-73.3579,38.75,71,100,4.5,overcast clouds
470,Imeni Poliny Osipenko,RU,52.4201,136.4853,1.27,88,100,6.42,overcast clouds
471,Qaqortoq,GL,60.7167,-46.0333,27.46,86,100,2.75,overcast clouds
472,College,US,64.8569,-147.8028,-9.42,80,51,2.59,broken clouds
473,San Ramon,US,37.7799,-121.978,49.5,62,93,0.63,overcast clouds
474,Kloulklubed,PW,7.0419,134.2556,84.7,76,95,21.61,overcast clouds
475,Chicama,PE,-7.8447,-79.1469,63.14,82,56,4.07,broken clouds
476,Grand Baie,MU,-20.0182,57.5802,77.45,72,99,1.99,overcast clouds
477,Coquimbo,CL,-29.9533,-71.3436,62.33,82,100,2.3,overcast clouds
478,Nampula,MZ,-15.1165,39.2666,71.78,82,100,4.94,overcast clouds
479,Prince Rupert,CA,54.3161,-130.3201,26.29,44,0,12.66,clear sky
480,Poum,NC,-20.2333,164.0167,82.13,78,86,12.46,overcast clouds
481,Muravlenko,RU,63.7898,74.523,-12.24,98,89,6.89,overcast clouds
482,Bo Phloi,TH,14.3236,99.5161,82.27,77,85,2.66,overcast clouds
483,Inhambane,MZ,-23.865,35.3833,67.8,68,14,9.91,few clouds
484,Zavetnoye,RU,47.1194,43.8903,25.2,44,13,15.99,few clouds
485,Itamaraca,BR,-7.7478,-34.8256,80.65,76,100,5.91,overcast clouds
486,Pechora,RU,65.1472,57.2244,9.41,96,100,4.88,light snow
487,Teahupoo,PF,-17.8333,-149.2667,78.76,81,21,10.96,light rain
488,Guatire,VE,10.4762,-66.5427,75.2,97,100,2.42,overcast clouds
489,Valparaiso,CL,-33.0393,-71.6273,60.44,88,100,4.61,overcast clouds
490,Unai,BR,-16.3575,-46.9061,70.38,76,48,4.79,scattered clouds
491,Roswell,US,34.0232,-84.3616,64.06,83,100,3.0,overcast clouds
492,Impfondo,CG,1.6381,18.0667,70.07,99,100,2.91,moderate rain
493,Muscat,OM,23.6139,58.5922,75.38,48,18,5.86,few clouds
494,Talaya,RU,61.3833,152.75,-19.08,98,100,7.36,light snow
495,Atambua,ID,-9.1061,124.8925,83.88,61,76,6.46,broken clouds
496,Hof,DE,50.3167,11.9167,38.44,92,100,4.61,overcast clouds
497,Saryg-Sep,RU,51.5,95.6,-16.22,90,44,1.39,scattered clouds
498,Jiangyou,CN,31.7667,104.7167,38.48,94,100,5.35,overcast clouds
499,Mutoko,ZW,-17.397,32.2268,59.27,90,88,0.63,overcast clouds
500,Adrar,MR,20.5022,-10.0711,61.57,21,0,9.95,clear sky
501,Daokou,CN,35.5639,114.5058,26.42,15,100,3.04,overcast clouds
502,Nanga Eboko,CM,4.6833,12.3667,67.01,92,90,1.59,overcast clouds
503,Pangkalanbuun,ID,-2.6833,111.6167,89.51,54,78,4.94,broken clouds
504,Chipinge,ZW,-20.1883,32.6236,53.28,88,3,1.45,clear sky
505,Askoy,NO,60.4092,5.226,42.03,73,100,2.3,overcast clouds
506,Acacoyagua,MX,15.35,-92.65,72.37,94,100,3.69,light rain
507,Lazarev,RU,52.225,141.5131,4.57,75,100,18.92,overcast clouds
508,Byron Bay,AU,-28.65,153.6167,70.95,57,100,14.47,heavy intensity rain
509,Kiama,AU,-34.6833,150.8667,72.37,66,14,8.01,few clouds
510,Shimoda,JP,34.6667,138.95,73.76,69,97,20.45,overcast clouds
511,Siimusti,EE,58.7277,26.3437,25.95,98,100,4.21,overcast clouds
512,Deer Lake,CA,49.1667,-57.4316,22.86,80,100,4.61,light shower snow
513,Almaznyy,RU,48.0448,40.045,25.57,42,86,18.12,overcast clouds
514,Serenje,ZM,-13.2325,30.2352,60.85,97,98,8.23,overcast clouds
515,Geraldton,AU,-28.7667,114.6,75.61,69,75,12.66,broken clouds
516,Keetmanshoop,NA,-26.5833,18.1333,73.4,44,81,5.23,broken clouds
517,Piacabucu,BR,-10.4056,-36.4344,74.12,91,100,9.75,heavy intensity rain
518,Bilibino,RU,68.0546,166.4372,1.42,100,100,3.51,overcast clouds
519,Halden,NO,59.1226,11.3871,36.03,98,100,4.88,overcast clouds
520,Neiafu,TO,-18.65,-173.9833,79.9,76,32,14.14,scattered clouds
521,Leeuwarden,NL,53.2014,5.8086,48.2,97,75,2.3,fog
522,Puerto Maldonado,PE,-12.6,-69.1833,77.67,71,54,2.73,broken clouds
523,Mlonggo,ID,-6.5333,110.7,83.35,71,100,5.88,overcast clouds
524,Ahipara,NZ,-35.1667,173.1667,65.66,84,30,13.4,scattered clouds
525,Thakurgaon,BD,26.0333,88.4667,72.0,50,4,4.92,clear sky
526,La Ronge,CA,55.1001,-105.2842,-5.55,71,20,10.36,few clouds
527,Noyabrsk,RU,63.1994,75.4507,-13.36,99,76,7.14,broken clouds
528,Colares,PT,38.7992,-9.4469,54.79,74,16,7.0,few clouds
529,Miri,MY,4.4148,114.0089,84.34,79,40,5.75,scattered clouds
530,Torbat-E Jam,IR,35.244,60.6225,44.01,75,98,4.38,overcast clouds
531,Sharjah,AE,25.3573,55.4033,75.18,72,0,5.75,clear sky
532,Zhanaozen,KZ,43.3,52.8,25.41,38,0,13.94,clear sky
533,Adelaide,AU,-34.9333,138.6,74.21,53,20,21.85,few clouds
534,Shaunavon,CA,49.6501,-108.4181,-0.62,93,95,11.52,overcast clouds
535,Kungurtug,RU,50.5994,97.5228,-13.76,88,95,0.56,overcast clouds
536,Aklavik,CA,68.2191,-135.0107,-12.01,84,100,2.84,overcast clouds
537,Muroto,JP,33.2833,134.15,65.91,69,99,16.53,overcast clouds
538,Sitka,US,57.0531,-135.33,20.53,46,0,13.78,clear sky
539,Nenjiang,CN,49.1833,125.2167,-5.12,78,100,9.53,overcast clouds
540,Itaituba,BR,-4.2761,-55.9836,72.93,94,80,1.57,broken clouds
541,Ouargaye,BF,11.5033,0.0572,73.94,24,8,7.4,clear sky
542,Aden,YE,12.7794,45.0367,78.67,70,0,14.05,clear sky
543,Broken Hill,AU,-31.95,141.4333,76.19,25,1,13.4,clear sky
544,Catia La Mar,VE,10.6038,-67.0303,78.49,88,20,0.0,few clouds
545,Tagusao,PH,9.1924,117.8141,84.97,71,100,6.08,overcast clouds
546,West Bay,KY,19.3667,-81.4167,80.67,84,20,9.22,few clouds
547,Caala,AO,-12.8525,15.5606,57.96,95,99,1.43,light rain
548,Yinchuan,CN,38.4681,106.2731,11.71,17,14,2.53,few clouds
549,Tabou,CI,4.423,-7.3528,76.37,88,60,3.27,light rain
550,Hecun,CN,36.5333,114.1111,24.57,15,100,4.9,overcast clouds
551,Palmas Bellas,PA,9.2319,-80.0867,75.25,92,100,7.96,overcast clouds
552,Ust-Barguzin,RU,53.45,108.9833,3.04,76,100,6.73,overcast clouds
553,Poronaysk,RU,49.2167,143.1167,16.52,68,54,13.44,broken clouds
554,Oyama,JP,36.3,139.8,66.58,75,100,2.24,overcast clouds
555,Tabory,RU,58.5198,64.5495,5.49,98,100,2.73,overcast clouds
556,Varangaon,IN,21.0167,75.9,68.94,49,25,6.29,scattered clouds
557,Eureka,US,40.8021,-124.1637,42.93,89,83,4.7,broken clouds
558,Odweyne,SO,9.4092,45.064,62.92,38,5,8.03,clear sky
559,Awbari,LY,26.5921,12.7805,50.14,52,0,5.82,clear sky
560,Rockford,US,42.2711,-89.094,42.55,85,100,18.41,overcast clouds
561,Urusha,RU,54.05,122.9,-10.79,71,95,8.14,overcast clouds
562,Mahon,ES,39.8885,4.2658,52.36,66,75,12.66,broken clouds
563,Tazmalt,DZ,36.3868,4.3989,49.26,90,78,4.34,light rain
564,Conde,BR,-7.2597,-34.9075,76.46,83,20,4.61,few clouds
565,Boundiali,CI,9.5217,-6.4869,72.39,43,17,1.59,few clouds
566,Basco,PH,20.4487,121.9702,81.1,79,87,19.55,overcast clouds
567,Vostok,RU,46.4856,135.8833,-1.03,87,100,13.8,overcast clouds
568,Ginir,ET,7.1333,40.7,53.1,48,4,3.76,clear sky
569,Lebork,PL,54.5392,17.7501,34.92,91,28,6.96,scattered clouds
570,Mosquera,CO,4.7059,-74.2302,53.69,94,75,3.44,drizzle
571,Talavera De La Reina,ES,39.9635,-4.8308,40.6,76,5,0.72,clear sky
572,Lata,PT,40.1629,-8.3327,45.07,93,45,2.68,scattered clouds
573,Gizo,SB,-8.103,156.8419,83.64,71,100,4.12,overcast clouds
574,Brae,GB,60.3964,-1.353,46.44,87,100,9.01,overcast clouds
575,Puro,PH,12.4841,123.3827,85.8,66,100,12.24,overcast clouds
576,Aleppo,SY,36.25,37.5,53.4,83,100,14.25,light rain
577,Novooleksiyivka,UA,46.2269,34.6428,39.6,70,80,20.45,broken clouds
578,Zilair,RU,52.2332,57.4392,2.75,83,83,3.22,broken clouds
579,Manta,EC,-0.95,-80.7333,71.76,81,81,13.6,broken clouds
580,Havoysund,NO,70.9963,24.6622,39.43,86,100,14.2,overcast clouds
581,Bom Jesus Do Itabapoana,BR,-21.1339,-41.6797,70.61,98,99,4.03,overcast clouds
582,Jalu,LY,29.0331,21.5482,57.04,53,0,9.33,clear sky
583,Hanyang,CN,32.1371,105.5126,29.71,80,100,12.5,light snow
584,Buraydah,SA,26.326,43.975,66.65,30,84,11.43,broken clouds
585,Srednekolymsk,RU,67.45,153.6833,-23.71,98,82,7.99,broken clouds
586,Srivardhan,IN,18.0333,73.0167,77.18,57,2,3.98,clear sky
587,Clarence Town,AU,-32.5833,151.7833,73.15,38,72,12.73,broken clouds
588,Blagoveshchenka,RU,52.8333,79.8667,-4.45,86,100,6.53,overcast clouds
589,Alice Springs,AU,-23.7,133.8833,80.15,22,0,10.36,clear sky
590,San Jose,US,37.3394,-121.895,51.53,61,0,5.75,clear sky
591,Zalantun,CN,48.0,122.7167,-0.62,56,0,17.49,clear sky
592,Tapah,MY,4.2004,101.2598,82.31,70,100,3.42,overcast clouds
593,Ratnagiri,IN,16.9833,73.3,77.81,53,4,6.17,clear sky
594,Nizwa,OM,22.9333,57.5333,71.02,44,100,4.07,overcast clouds
595,Talakan,RU,50.3167,130.3667,-4.32,86,100,8.63,overcast clouds
596,Northam,GB,51.0333,-4.2167,44.26,89,99,9.37,overcast clouds
597,Jingdezhen,CN,29.2947,117.2079,36.41,89,100,9.46,light rain
598,Oktyabrskiy,RU,54.4815,53.471,-2.02,100,83,2.01,broken clouds
599,Thinadhoo,MV,0.5333,72.9333,80.8,72,100,6.49,overcast clouds
600,Gazli,UZ,40.1333,63.45,44.15,39,100,3.44,overcast clouds
601,Alofi,NU,-19.0595,-169.9187,78.71,77,9,14.23,clear sky
602,Indianola,US,41.3581,-93.5574,23.49,63,98,8.99,overcast clouds
603,Soyo,AO,-6.1349,12.3689,74.07,94,100,7.23,moderate rain
604,Sao Joao Da Barra,BR,-21.6403,-41.0511,73.78,90,100,17.72,overcast clouds
605,Polunochnoye,RU,60.8697,60.4153,5.02,98,95,1.92,overcast clouds
606,Sokolo,ML,14.7328,-6.1219,74.39,18,99,8.7,overcast clouds
607,Lac Du Bonnet,CA,50.2536,-96.0612,19.83,95,100,6.26,light snow
608,Seoul,KR,37.5683,126.9778,25.99,35,0,13.8,clear sky
609,Calama,CL,-22.4667,-68.9333,51.62,47,0,2.98,clear sky
610,Waddan,LY,29.1614,16.139,53.98,39,0,6.44,clear sky
611,Vila Velha,BR,-20.3297,-40.2925,73.35,94,75,14.97,mist
612,Whitehorse,CA,60.7161,-135.0538,-1.43,65,100,9.22,light snow
613,Vredendal,ZA,-31.6683,18.5012,65.21,79,97,5.86,overcast clouds
614,Takapau,NZ,-40.0333,176.35,61.29,72,100,8.52,light rain
615,San Alberto,CO,7.7611,-73.3922,74.23,92,99,2.75,overcast clouds
616,Suez,EG,29.9737,32.5263,59.79,63,0,5.79,clear sky
617,Presidente Medici,BR,-11.1753,-61.9014,75.78,72,78,4.14,broken clouds
618,Nanpiao,CN,41.0982,120.7479,18.18,20,0,11.86,clear sky
619,Paamiut,GL,61.994,-49.6678,27.07,81,100,15.32,overcast clouds
620,Samarai,PG,-10.6167,150.6667,84.74,71,100,12.35,overcast clouds
621,Jaguey Grande,CU,22.5269,-81.1286,74.64,85,7,7.58,moderate rain
622,Camana,PE,-16.6228,-72.7111,67.05,86,75,5.91,broken clouds
623,Bayanday,RU,53.0661,105.5139,-2.15,78,100,12.62,overcast clouds
624,Davila,PH,18.4726,120.5763,86.88,67,44,8.12,scattered clouds
625,Leisure City,US,25.4954,-80.4292,78.03,79,40,8.05,scattered clouds
626,Hambantota,LK,6.1241,81.1185,77.34,100,36,3.44,scattered clouds
627,Ayagoz,KZ,47.9714,80.4392,-0.24,74,100,9.55,overcast clouds
628,Gouyave,GD,12.1646,-61.7296,76.91,81,0,14.07,light rain
629,Charlestown,AU,-32.95,151.6667,73.02,60,53,5.01,broken clouds
630,Babu,CN,24.4167,111.5167,46.2,89,100,10.07,overcast clouds
631,Chinhoyi,ZW,-17.3667,30.2,60.71,91,68,4.52,broken clouds
632,Waipawa,NZ,-41.4122,175.5153,62.55,61,99,16.6,light rain
633,Youhao,CN,47.8667,128.8333,-5.51,74,90,14.14,overcast clouds
634,Kudahuvadhoo,MV,2.6708,72.8944,80.31,67,100,5.61,overcast clouds
635,Plettenberg Bay,ZA,-34.0527,23.3716,65.14,73,5,3.94,clear sky
636,Qasigiannguit,GL,68.8193,-51.1922,25.05,90,100,2.75,overcast clouds
637,Olive Branch,US,34.9618,-89.8295,66.85,95,100,16.11,thunderstorm
638,Bulgan,MN,48.8125,103.5347,-4.58,69,97,2.19,overcast clouds
639,Palora,EC,-1.7,-77.9333,66.85,88,87,3.36,overcast clouds
640,Bahia Blanca,AR,-38.7196,-62.2724,65.28,85,0,4.0,clear sky
641,Semey,KZ,50.4111,80.2275,-23.58,76,100,8.95,mist
642,Visby,SE,57.6409,18.296,36.05,93,100,4.61,overcast clouds
643,Palmer,US,42.1584,-72.3287,31.68,76,99,2.91,overcast clouds
644,Punta Umbria,ES,37.1821,-6.9661,46.24,61,37,8.1,scattered clouds
645,Kedrovyy,RU,56.1667,91.8167,-1.79,95,28,3.4,scattered clouds
646,Macaubas,BR,-13.0194,-42.6986,65.59,98,100,4.94,overcast clouds
647,Cape Coast,GH,5.1053,-1.2466,78.3,83,99,2.37,overcast clouds
648,Sarangani,PH,5.4033,125.4636,83.07,73,100,12.57,moderate rain
649,Fort Collins,US,40.5853,-105.0844,21.72,86,75,1.01,mist
650,Taltal,CL,-25.4,-70.4833,62.55,83,2,2.06,clear sky
651,Marathon,US,44.9,-89.7668,29.73,89,100,21.85,overcast clouds
652,Sonoita,MX,31.85,-112.8333,57.63,51,0,1.41,clear sky
653,Bandar,ID,2.05,99.75,81.18,86,69,1.61,broken clouds
654,Tupik,RU,54.4253,119.9327,-12.39,88,100,5.06,overcast clouds
655,Sao Felix Do Xingu,BR,-6.6447,-51.995,70.86,99,99,1.45,heavy intensity rain
656,Gerash,IR,27.6652,54.1371,60.8,26,99,4.54,overcast clouds
657,Caucaia,BR,-3.7361,-38.6531,80.04,75,98,2.95,overcast clouds
658,Itarema,BR,-2.9248,-39.9167,76.24,84,100,3.76,overcast clouds
659,Nanzhang,CN,31.7765,111.8386,35.98,37,100,9.28,overcast clouds
660,Makariv,UA,50.4641,29.8113,30.18,97,100,8.25,light snow
661,Puerto Baquerizo Moreno,EC,-0.9,-89.6,68.54,76,48,10.67,scattered clouds
662,Zabaykalsk,RU,49.6333,117.3167,-11.85,82,3,15.48,clear sky
663,Chute-Aux-Outardes,CA,49.1168,-68.399,14.81,76,5,4.36,clear sky
664,Nueva Guinea,NI,11.6876,-84.4562,71.1,96,100,4.34,overcast clouds
665,Kapuskasing,CA,49.4169,-82.4331,32.09,93,100,23.02,heavy snow
666,Blackwater,AU,-23.5833,148.8833,69.01,90,100,9.51,light rain
667,Maragogi,BR,-9.0122,-35.2225,75.02,89,100,9.66,moderate rain
668,Preobrazheniye,RU,42.9019,133.9064,16.09,50,23,16.2,few clouds
669,Tual,ID,-5.6667,132.75,81.7,79,100,17.38,moderate rain
670,Ust-Maya,RU,60.4167,134.5333,-28.66,90,100,6.22,overcast clouds
671,Padang,ID,-0.9492,100.3543,82.45,69,93,3.24,overcast clouds
672,Nalut,LY,30.3333,10.85,46.67,69,0,8.93,clear sky
673,Tecoanapa,MX,16.5167,-98.75,78.55,75,100,2.93,overcast clouds
674,Dukat,RU,62.55,155.55,-20.07,99,99,4.38,overcast clouds
675,Grand Haven,US,43.0631,-86.2284,56.28,82,100,4.0,overcast clouds
676,Roma,US,43.2128,-75.4557,35.87,78,0,9.22,clear sky
677,Changli,CN,39.7042,119.1506,20.88,17,0,11.95,clear sky
678,Khanpur,PK,28.6453,70.6567,66.54,21,0,3.83,clear sky
679,Springbok,ZA,-29.6643,17.8865,57.25,78,43,2.46,scattered clouds
680,Kuching,MY,1.55,110.3333,84.42,85,40,2.3,scattered clouds
681,Limbang,MY,4.75,115.0,87.91,63,100,4.9,overcast clouds
682,Illapel,CL,-31.6308,-71.1653,61.84,82,10,1.39,clear sky
683,Shache,CN,38.4167,77.2406,22.39,17,96,2.98,overcast clouds
684,Caceres,ES,39.522,-6.3748,40.69,85,4,0.47,clear sky
685,Paragominas,BR,-2.9667,-47.4833,72.45,96,100,3.13,overcast clouds
686,Matara,LK,5.9485,80.5353,79.2,80,47,3.87,scattered clouds
687,Monte Alegre,BR,-2.0078,-54.0692,75.04,88,81,2.55,broken clouds
688,Huarmey,PE,-10.0681,-78.1522,68.0,82,92,7.56,overcast clouds
689,Gander,CA,48.9682,-54.5906,14.97,87,9,10.29,clear sky
690,Sorland,NO,67.667,12.6934,40.86,81,100,17.11,light rain
691,Patacamaya,BO,-17.2333,-67.9167,49.12,42,53,8.39,broken clouds
692,Raga,SS,8.4596,25.678,77.0,41,96,2.46,overcast clouds
693,Iquitos,PE,-3.7481,-73.2472,74.89,84,100,2.8,overcast clouds
694,Coos Bay,US,43.3665,-124.2179,47.14,100,100,15.26,light rain
695,Fort Nelson,CA,58.8053,-122.7002,-8.95,90,100,2.73,overcast clouds
696,Qiongshan,CN,20.0058,110.3542,81.48,74,3,12.28,clear sky
